year,date,day_name,max_temp,min_temp,total_rain,total_snow
2006,2006-05-20,saturday,20.1,7.8,0.0,0.0
2006,2006-05-21,sunday,24.5,7.9,0.0,0.0
2006,2006-05-22,monday,24.4,7.7,2.2,0.0
2007,2007-05-19,saturday,19.9,3.7,0.0,0.0
2007,2007-05-20,sunday,13.1,4.2,11.0,0.0
2007,2007-05-21,monday,8.8,0.6,12.0,3.0
2008,2008-05-17,saturday,27.5,8.0,0.0,0.0
2008,2008-05-18,sunday,23.1,12.0,0.0,0.0
2008,2008-05-19,monday,20.1,9.0,0.0,0.0
2009,2009-05-23,saturday,21.5,0.9,0.0,0.0
2009,2009-05-24,sunday,21.8,5.4,0.0,0.0
2009,2009-05-25,monday,20.4,8.9,0.8,0.0
2010,2010-05-22,saturday,10.5,0.8,0.0,0.0
2010,2010-05-23,sunday,13.1,-0.9,0.2,0.0
2010,2010-05-24,monday,16.0,0.1,0.0,0.0
2011,2011-05-21,saturday,21.4,6.9,0.0,0.0
2011,2011-05-22,sunday,18.5,7.5,0.0,0.0
2011,2011-05-23,monday,13.1,4.1,11.6,0.0
2012,2012-05-19,saturday,12.5,-0.2,0.0,0.0
2012,2012-05-20,sunday,18.0,0.9,0.0,0.0
2012,2012-05-21,monday,20.4,8.0,0.0,0.0
2013,2013-05-18,saturday,20.9,1.7,,
2013,2013-05-19,sunday,16.2,7.5,0.2,0.0
2013,2013-05-20,monday,20.1,3.3,0.0,0.0
2014,2014-05-17,saturday,17.3,3.2,0.8,0.0
2014,2014-05-18,sunday,14.1,7.1,,
2014,2014-05-19,monday,17.3,6.8,0.2,0.0
2015,2015-05-23,saturday,23.8,3.8,0.0,0.0
2015,2015-05-24,sunday,22.4,5.8,0.0,0.0
2015,2015-05-25,monday,22.8,7.3,0.0,0.0
2016,2016-05-21,saturday,7.1,2.1,10.1,0.0
2016,2016-05-22,sunday,5.5,0.8,17.2,0.0
2016,2016-05-23,monday,9.6,3.5,2.0,0.0
2017,2017-05-20,saturday,20.2,5.1,0.0,0.0
2017,2017-05-21,sunday,23.0,5.2,0.0,0.0
2017,2017-05-22,monday,24.7,10.6,0.0,0.0
2018,2018-05-19,saturday,16.6,3.2,0.0,0.0
2018,2018-05-20,sunday,24.5,4.1,0.0,0.0
2018,2018-05-21,monday,23.4,9.2,0.0,0.0
2019,2019-05-18,saturday,6.7,2.1,2.8,0.0
2019,2019-05-19,sunday,11.3,2.0,0.0,0.0
2019,2019-05-20,monday,9.9,-1.7,0.0,0.0
2020,2020-05-23,saturday,15.6,4.7,0.0,0.0
2020,2020-05-24,sunday,20.8,2.5,0.0,0.0
2020,2020-05-25,monday,20.6,7.3,0.0,0.0
2021,2021-05-22,saturday,13.8,-0.5,0.0,0.0
2021,2021-05-23,sunday,10.6,1.8,9.1,0.0
2021,2021-05-24,monday,10.4,1.9,7.6,0.0
2022,2022-05-21,saturday,,,0.0,0.0
2022,2022-05-22,sunday,16.6,-1.5,0.0,0.0
2022,2022-05-23,monday,18.7,1.5,0.2,0.0
2023,2023-05-20,saturday,27.4,11.4,0.0,0.0
2023,2023-05-21,sunday,28.0,10.8,0.0,0.0
2023,2023-05-22,monday,22.7,9.6,18.3,0.0
2024,2024-05-18,saturday,12.0,3.8,0.6,0.0
2024,2024-05-19,sunday,12.3,2.0,4.8,0.0
2024,2024-05-20,monday,9.5,3.3,1.0,0.0
2025,2025-05-17,saturday,14.2,5.3,6.0,0.0
2025,2025-05-18,sunday,12.5,4.5,14.3,0.0
2025,2025-05-19,monday,15.6,2.7,0.2,0.0
